# Redirects for static files
/home.css       /src/home.css 200
/animeCursorDropdown.css /src/animeCursorDropdown.css 200
/refresh.html /src/refresh.html 200
/refresh.css       /src/refresh.css 200
/quickExit.js /src/quickExit.js 200
/countries.js       /src/countries.js 200
/countryCodes.js    /src/countryCodes.js 200
/countryNicknames.js /src/countryNicknames.js 200
/heartsEffect.js    /src/heartsEffect.js 200
/penguinCursor.js    /src/penguinCursor.js 200
/fishCursor.js    /src/fishCursor.js 200
/animeCursors.js    /src/animeCursors.js 200
/app.js             /src/app.js 200
/backButton.js             /src/backButton.js 200
/country-details.html /src/country-details.html 200
/country-details.css /src/country-details.css 200
/country-details.js /src/country-details.js 200
/googleAnalytics.js /src/googleAnalytics.js 200
/potentialRescues.js /src/potentialRescues.js 200
/service-worker.js /src/service-worker/js 200

# Redirects for individual country detail pages; MAY HAVE TO BE TWEAKED (ALSO LOOK AT FIRST FUNCTION IN APP.JS) FOR SPECIAL CHARACTERS
/country-details.html?country=argentina   /src/country-details.html?country=argentina   200
/country-details.html?country=australia   /src/country-details.html?country=australia   200
/country-details.html?country=austria   /src/country-details.html?country=austria   200
/country-details.html?country=belgium   /src/country-details.html?country=belgium   200
/country-details.html?country=brazil   /src/country-details.html?country=brazil   200
/country-details.html?country=bulgaria   /src/country-details.html?country=bulgaria   200
/country-details.html?country=canada   /src/country-details.html?country=canada   200
/country-details.html?country=china   /src/country-details.html?country=china   200
/country-details.html?country=croatia   /src/country-details.html?country=croatia   200
/country-details.html?country=cyprus   /src/country-details.html?country=cyprus   200
/country-details.html?country=czech-republic   /src/country-details.html?country=czech-republic   200
/country-details.html?country=denmark   /src/country-details.html?country=denmark   200
/country-details.html?country=egypt   /src/country-details.html?country=egypt   200
/country-details.html?country=finland   /src/country-details.html?country=finland   200
/country-details.html?country=france   /src/country-details.html?country=france   200
/country-details.html?country=germany   /src/country-details.html?country=germany   200
/country-details.html?country=greece   /src/country-details.html?country=greece   200
/country-details.html?country=hong-kong   /src/country-details.html?country=hong-kong   200
/country-details.html?country=hungary   /src/country-details.html?country=hungary   200
/country-details.html?country=iceland   /src/country-details.html?country=iceland   200
/country-details.html?country=india   /src/country-details.html?country=india   200
/country-details.html?country=ireland   /src/country-details.html?country=ireland   200
/country-details.html?country=israel   /src/country-details.html?country=israel   200
/country-details.html?country=italy   /src/country-details.html?country=italy   200
/country-details.html?country=japan   /src/country-details.html?country=japan   200
/country-details.html?country=kenya   /src/country-details.html?country=kenya   200
/country-details.html?country=malaysia   /src/country-details.html?country=malaysia   200
/country-details.html?country=mexico   /src/country-details.html?country=mexico   200
/country-details.html?country=netherlands   /src/country-details.html?country=netherlands   200
/country-details.html?country=new-zealand   /src/country-details.html?country=new-zealand   200
/country-details.html?country=nigeria   /src/country-details.html?country=nigeria   200
/country-details.html?country=norway   /src/country-details.html?country=norway   200
/country-details.html?country=philippines   /src/country-details.html?country=philippines   200
/country-details.html?country=poland   /src/country-details.html?country=poland   200
/country-details.html?country=portugal   /src/country-details.html?country=portugal   200
/country-details.html?country=puerto-rico   /src/country-details.html?country=puerto-rico   200
/country-details.html?country=romania   /src/country-details.html?country=romania   200
/country-details.html?country=russia   /src/country-details.html?country=russia   200
/country-details.html?country=singapore   /src/country-details.html?country=singapore   200
/country-details.html?country=south-africa   /src/country-details.html?country=south-africa   200
/country-details.html?country=south-korea   /src/country-details.html?country=south-korea   200
/country-details.html?country=spain   /src/country-details.html?country=spain   200
/country-details.html?country=sweden   /src/country-details.html?country=sweden   200
/country-details.html?country=switzerland   /src/country-details.html?country=switzerland   200
/country-details.html?country=taiwan   /src/country-details.html?country=taiwan   200
/country-details.html?country=thailand   /src/country-details.html?country=thailand   200
/country-details.html?country=turkey   /src/country-details.html?country=turkey   200
/country-details.html?country=ukraine   /src/country-details.html?country=ukraine   200
/country-details.html?country=united-states   /src/country-details.html?country=united-states   200
/country-details.html?country=united-kingdom   /src/country-details.html?country=united-kingdom   200
/country-details.html?country=vietnam   /src/country-details.html?country=vietnam   200
/country-details.html?country=zimbabwe   /src/country-details.html?country=zimbabwe   200

# Redirects for routes
/*    /src/home.html    200